id,source,target,quote,headline,url,actors_ok,direction_ok,polarity,real_event,mediation,notes
E001,Iran,Israel,"there were no protests in Iran at the moment, despite threats from Israel and the US","Trump informed Iran he does not intend to attack, asked Tehran to exercise restraint: envoy",https://www.dawn.com/news/1967109/trump-informed-iran-he-does-not-intend-to-attack-asked-tehran-to-exercise-restraint-envoy,,,,,,
E002,Pakistan,Iran,call on the parties to protect the security of ships and crew members stranded in the Strait of Hormuz,"Pakistan, China issue 5-point initiative for restoring peace in Middle East",https://www.dawn.com/news/1987106/pakistan-china-issue-5-point-initiative-for-restoring-peace-in-middle-east,,,,,,
E003,US,Pakistan,No more trade with the United States,"In fresh comments on Pak-India May conflict, Trump says PM Shehbaz called to say he ‘saved millions’",https://www.dawn.com/news/1956202/in-fresh-comments-on-pak-india-may-conflict-trump-says-pm-shehbaz-called-to-say-he-saved-millions,,,,,,
E004,US,Iran,"Trump, in an interview with Politico on Saturday, called for an end to Khamenei’s nearly 40-year reign",Iran warns attack on Khamenei would be declaration of war,https://www.theguardian.com/world/2026/jan/18/iran-warns-world-that-any-attack-on-ayatollah-ali-khamenei-would-be-declaration-of-war,,,,,,
E005,Iran,US,there will certainly be a proportionate and immediate retaliation,Iran is becoming more defiant in face of US-Israeli onslaught,https://www.theguardian.com/world/2026/mar/10/iranian-regime-is-not-weakening-in-face-of-us-israel-onslaught-but-becoming-more-defiant,,,,,,
E006,Iran,US,the consequences of escalating tensions will also fall on the United States,"Iran halts military operations against Israel, warns of harsher attacks if strikes on Lebanon persist",https://www.dawn.com/news/2006111/iran-halts-military-operations-against-israel-warns-of-harsher-attacks-if-strikes-on-lebanon-persist,,,,,,
E007,Pakistan,US,"Baghaei, claimed Pakistan has shared Tehran’s latest proposal with the US",Trump claims planned attack on Iran postponed after Tehran makes new proposal to end war,https://www.theguardian.com/world/2026/may/18/iran-new-proposal-deal-to-end-war-us-israel,,,,,,
E008,UN,Israel,UN Secretary-General Antonio Guterres called on both sides to stop fighting,Israel strikes Iran as Trump says Tehran wants deal to end war,https://www.dawn.com/news/1985490/israel-strikes-iran-as-trump-says-tehran-wants-deal-to-end-war,,,,,,
E009,China,UAE,Xi told Abu Dhabi’s crown prince on Tuesday that China would play a “ constructive role ” in promoting peace talks in the Middle East,Xi meets Russian FM as leaders flock to China over Middle East war,https://www.dawn.com/news/1991931/xi-meets-russian-fm-as-leaders-flock-to-china-over-middle-east-war,,,,,,
E010,Iran,Pakistan,"confident that contacts between us and Pakistan, as well as our other friends in the region, will continue",JD Vance says talks failed due to Iran’s refusal to give up nuclear programme,https://www.theguardian.com/world/2026/apr/12/jd-vance-says-no-deal-us-iran-pakistan-talks-islamabad,,,,,,
E011,Pakistan,Iran,"“Subject to concurrence by the US and Iran, Pakistan stands ready and honoured to be the host to facilitate meaningful and conclusive talks for a comprehensive settlement of the ongoing conflict,” said Sharif writing on X on Tuesday.",JD Vance role touted as Pakistan attempts to broker US-Iran peace talks ,https://www.theguardian.com/world/2026/mar/24/pakistan-army-chief-iran-peace-talks-trump-call,,,,,,
E012,Israel,UAE,The two leaders met for several hours in Al Ain,Benjamin Netanyahu says he made secret trip to UAE at height of Iran war,https://www.theguardian.com/world/2026/may/13/benjamin-netanyahu-made-secret-trip-to-uae-at-height-of-the-iran-war,,,,,,
E013,Israel,UAE,met with UAE President Sheikh Mohammed bin Zayed Al Nahyan,UAE 'denies reports' of secret Netanyahu visit,https://www.dawn.com/news/2000091/uae-denies-reports-of-secret-netanyahu-visit,,,,,,
E014,Pakistan,US,Pakistan would soon host talks between the US and Iran,Iran accuses US of plotting ground assault while publicly seeking talks,https://www.theguardian.com/world/2026/mar/29/iran-accuses-us-plotting-ground-assault-publicly-seeking-talks,,,,,,
E015,Israel,Lebanon,Israeli strikes hit Beirut’s southern suburbs on Monday,Israel launches new strikes on Tehran as Trump pauses Iran energy attacks,https://www.theguardian.com/world/2026/mar/23/israel-launches-new-strikes-on-tehran-as-trump-pauses-iran-energy-attacks,,,,,,
E016,Israel,Hezbollah,The Israeli military confirmed there were clashes with Hezbollah fighters in south Lebanon,"Hezbollah fighters, Israeli troops clash in Lebanon",https://www.dawn.com/news/1997602/hezbollah-fighters-israeli-troops-clash-in-lebanon,,,,,,
E017,Pakistan,US,"Messages have been received through intermediaries, including Pakistan, but there is no direct negotiation with the US",‘You have to be serious’: Macron criticises Trump’s mixed messages about Nato and Iran,https://www.theguardian.com/world/2026/apr/02/you-have-to-be-serious-macron-criticises-trumps-mixed-messages-about-nato-and-iran,,,,,,
E018,US,UK,"he claimed he had told the UK: “Don’t bother, we don’t need it.”",Trump describes UK aircraft carriers as ‘toys’ in latest anti-Nato jibe,https://www.theguardian.com/politics/2026/mar/26/donald-trump-uk-aircraft-carriers-toys-nato-keir-starmer-iran,,,,,,
E019,Pakistan,US,Pakistan has passed proposals between the two sides,Israeli strikes and US troop buildup put Pakistan’s peacemaker role under pressure,https://www.theguardian.com/world/2026/mar/29/israeli-strikes-us-troop-buildup-pakistan-peacemaker-role-under-pressure,,,,,,
E020,Pakistan,Iran,Pakistani official sources said the Iranians had told them Islamabad was their preferred venue for talks.,JD Vance role touted as Pakistan attempts to broker US-Iran peace talks ,https://www.theguardian.com/world/2026/mar/24/pakistan-army-chief-iran-peace-talks-trump-call,,,,,,
E021,US,Iran,warned that there would be further destruction unless Iran comes to the table,"US blows up key Iranian bridge, steel plants",https://www.dawn.com/news/1987961/us-blows-up-key-iranian-bridge-steel-plants,,,,,,
E022,Pakistan,Iran,reaffirmed Islamabad’s commitment to facilitating dialogue between the United States and Iran,‘Diplomacy takes time’: Pak envoy reaffirms Islamabad’s commitment to Iran-US peace amid complex situation,https://www.dawn.com/news/1987129/diplomacy-takes-time-pak-envoy-reaffirms-islamabads-commitment-to-iran-us-peace-amid-complex-situation,,,,,,
E023,Israel,Iran,"He’s dead, he’s dead, he’s dead. They have been waiting for this for decades",Monday briefing: ​How are Iranians abroad grappling with loss and uncertainty from afar?,https://www.theguardian.com/world/2026/mar/09/monday-briefing-how-are-iranians-abroad-grappling-with-loss-and-uncertainty-from-afar,,,,,,
E024,China,US,"saying instead that their two countries “should be partners, not rivals”.","No hugs, ancient Greece and KFC: Five highlights from Trump-Xi talks",https://www.dawn.com/news/2000226/no-hugs-ancient-greece-and-kfc-five-highlights-from-trump-xi-talks,,,,,,
E025,Pakistan,Iran,"a day after the Pakistani prime minister, Shehbaz Sharif, spoke with the Iranian president, Masoud Pezeshkian",Iran accuses US of plotting ground assault while publicly seeking talks,https://www.theguardian.com/world/2026/mar/29/iran-accuses-us-plotting-ground-assault-publicly-seeking-talks,,,,,,
E026,Pakistan,US,"The US and Iran are close to a temporary agreement to halt the war in the Middle East, officials in Pakistan claimed","US and Iran close to temporary truce, Pakistani officials claim",https://www.theguardian.com/world/2026/may/07/us-and-iran-close-to-temporary-truce-pakistani-officials-claim,,,,,,
E027,Pakistan,Iran,"Pakistan’s foreign affairs ministry said the country’s deputy prime minister, Mohammad Ishaq Dar, had spoken on Sunday with Abbas Araghchi, Iran’s foreign minister, during a phone call that included discussion on “the need for continued dialogue and engagement as essential to resolving the current issues as soon as possible for promoting the peace and stability in the region and beyond”","Tehran has ‘no plans to participate’ in new talks, state media reports, as it accuses US of violating ceasefire",https://www.theguardian.com/world/2026/apr/19/trumps-sends-delegation-to-pakistan-for-possible-new-round-of-iran-war-talks,,,,,,
E028,Pakistan,Iran,Sharif hailed the ceasefire as a “shining moment” in Pakistan’s history,How Pakistan secured ‘biggest diplomatic win in years’ with Iran ceasefire,https://www.theguardian.com/world/2026/apr/08/pakistan-us-israel-iran-ceasefire,,,,,,
E029,UK,US,"Emily Thornberry, the chair of the UK’s foreign affairs committee, warned that China and Russia may be emboldened by the lack of condemnation for the US’s actions",What does the US raid in Venezuela mean for China’s designs on Taiwan?,https://www.theguardian.com/world/2026/jan/06/what-us-action-in-venezuela-means-for-taiwan,,,,,,
E030,US,Iran,Trump claimed that Iran has agreed to hand over its store of enriched uranium,Trump announces 10-day ceasefire in Lebanon after ‘excellent conversations’,https://www.theguardian.com/world/2026/apr/16/trump-announces-10-day-ceasefire-in-lebanon-after-excellent-conversations,,,,,,
E031,Pakistan,US,really tried to help us and the Iranians bridge the gap and get to a deal,"‘Pakistan opened door to dialogue’: Islamabad becoming a direct mediator, say US scholars",https://www.dawn.com/news/1991063/pakistan-opened-door-to-dialogue-islamabad-becoming-a-direct-mediator-say-us-scholars,,,,,,
E032,Pakistan,Israel,"to achieve long-lasting peace, it is very important that ceasefire violations must end to preserve life and advance reconstruction efforts",PM Shehbaz meets Rubio after Board of Peace summit in Washington,https://www.dawn.com/news/1974554/pm-shehbaz-meets-rubio-after-board-of-peace-summit-in-washington,,,,,,
E033,Pakistan,Iran,He pledged that peace talks involving both the US and Iran would go ahead in Islamabad on Friday,How Pakistan secured ‘biggest diplomatic win in years’ with Iran ceasefire,https://www.theguardian.com/world/2026/apr/08/pakistan-us-israel-iran-ceasefire,,,,,,
E034,Pakistan,US,Pakistan attempts to broker US-Iran peace talks,Trump news at a glance: president claims victory in Iran war as US prepares to deploy more troops ,https://www.theguardian.com/us-news/2026/mar/24/trump-news-at-a-glance-iran-war,,,,,,
E035,Israel,Iran,the attack by Israel and the US,Trump news at a glance: Congress divided on Iran attack as Trump appears to link operation to 2020 election loss,https://www.theguardian.com/us-news/2026/mar/02/donald-trump-iran-news-latest-today,,,,,,
E036,Iran,IAEA,accusing the UN body of bias and of failing to condemn the strikes,White House tells Iran to do deal as Trump hints at US strikes,https://www.dawn.com/news/1974344/white-house-tells-iran-to-do-deal-as-trump-hints-at-us-strikes,,,,,,
E037,Iran,Saudi_Arabia,"Iran’s Revolutionary Guards’ aerospace force commander, Majid Mousavi, said: “Iran’s southern neighbours should know that if their geographies and facilities are used in the service of enemies to attack the Iranian nation, they must say goodbye to oil production in the Middle East.”",Strait of Hormuz is hosting gunboat diplomacy as US and Iran vie for most effective blockade   ,https://www.theguardian.com/world/2026/apr/22/strait-of-hormuz-gunboat-diplomacy-us-iran-blockade,,,,,,
E038,Israel,Iran,the attack was in breach of international law,"Few will mourn leader of ‘evil’ regime Ali Khamenei, says UK defence secretary",https://www.theguardian.com/politics/2026/mar/01/uk-defence-secretary-john-healey-few-will-mourn-ali-khamenei-iran-us-israel,,,,,,
E039,Israel,Hezbollah,Israeli Prime Minister Benjamin Netanyahu vowed to “crush” Hezbollah in Lebanon,US carries out 'self-defence' strikes in Iran despite ceasefire,https://www.dawn.com/news/2003162/us-carries-out-self-defence-strikes-in-iran-despite-ceasefire,,,,,,
E040,Pakistan,Lebanon,"Both sides have declared the immediate and permanent termination of military operations on all fronts, including in Lebanon.",What do we know about the US-Iran peace deal – and what questions remain?,https://www.theguardian.com/world/2026/jun/15/us-iran-peace-deal-terms-details-conditions-explained-what-do-we-know-hormuz-lebanon-israel-nuclear,,,,,,
E041,Pakistan,China,Pakistan was able to call on China to provide assurances to Iran to enter into peace negotiations,Pakistan seeks to raise its global standing in push for Middle East peace,https://www.theguardian.com/world/2026/apr/20/pakistan-global-standing-mediator-us-iran-talks-middle-east,,,,,,
E042,Israel,Lebanon,"Israel’s attack on Wednesday, which left at least 303 people dead",JD Vance warns Iran against trying to ‘play’ the US in peace talks,https://www.theguardian.com/world/2026/apr/10/jd-vance-warns-iran-against-trying-to-play-the-us-in-peace-talks,,,,,,
E043,Pakistan,Iran,"Pakistan has been acting as a go-between for some time, delivering US messages to Tehran and back","Pakistan in the limelight as US, Iran ‘open backchannel’",https://www.dawn.com/news/1984752/pakistan-in-the-limelight-as-us-iran-open-backchannel,,,,,,
E044,Pakistan,Israel,"the Foreign Office spokesperson confirmed that while the situation in Gaza was a key topic of discussion during a recent visit by the President of Indonesia, Pakistan had made no commitment to join the ISF so far. “This is a sovereign decision of any country,” the spokesperson said. “As far as Pakistan is concerned, such a decision has not been taken as yet.” The spokesperson also recalled a recent conversation between Foreign Minister Ishaq Dar and his Saudi counterpart, Prince Faisal bin Farhan Al Saud, where Gaza was a primary topic. The two had strongly condemned Israel’s unilateral plan to restrict the Rafah crossing for the exit only of Gaza residents",Trump may appoint American general to lead Gaza force,https://www.dawn.com/news/1960563/trump-may-appoint-american-general-to-lead-gaza-force,,,,,,
E045,US,Iran,"“Right now the ceasefire certainly holds, but we’re going to be watching very, very closely,” he said","Trump pauses effort to escort ships in Strait of Hormuz, citing deal progress",https://www.dawn.com/news/1997967/trump-pauses-effort-to-escort-ships-in-strait-of-hormuz-citing-deal-progress,,,,,,
E046,Israel,Hezbollah,Israel has severely degraded the group’s capabilities through two years of daily airstrikes,Iran continues to hit back at US-Israeli strikes as Trump says it is too late to talk,https://www.theguardian.com/world/2026/mar/03/us-embassy-riyadh-hit-iranian-drones-israeli-troops-southern-lebanon,,,,,,
E047,Pakistan,UAE,"along with the efforts of the Turkish, Saudi and Emirati leadership",Trump thanks PM Shehbaz and ‘my favourite’ Field Marshal Asim Munir for Gaza peace efforts,https://www.dawn.com/news/1948608/trump-thanks-pm-shehbaz-and-my-favourite-field-marshal-asim-munir-for-gaza-peace-efforts,,,,,,
E048,Pakistan,US,We would like to thank the United States of America and the Islamic Republic of Iran for their commitment to finding a diplomatic solution,"US, Iran reach preliminary agreement to end war, signing set for Friday",https://www.dawn.com/news/2007972/us-iran-reach-preliminary-agreement-to-end-war-signing-set-for-friday,,,,,,
E049,Saudi_Arabia,US,"the Saudi crown prince, Mohammed bin Salman, the UAE president, Sheikh Mohamed bin Zayed, and the emir of Qatar, Sheikh Tamim bin Hamad Al Thani – requested a pause",Trump turns to Middle East allies as deal to end Iran war proves elusive,https://www.theguardian.com/world/2026/may/19/trump-iran-analysis,,,,,,
E050,Pakistan,US,"after a last-minute intervention by Pakistan’s prime minister, Shehbaz Sharif, and army chief, Gen Asim Munir",Hegseth claims Iran ‘begged’ for ceasefire after US and Tehran agree to two-week pause,https://www.theguardian.com/world/2026/apr/08/hegseth-press-briefing-iran-ceasefire,,,,,,
E051,Iran,US,"Foreign Minister Abbas Araghchi, who is leading the Iranian delegation at the talks, had called them “a historic opportunity”","Iran, US hold talks in Geneva in push to avert war",https://www.dawn.com/news/1975874/iran-us-hold-talks-in-geneva-in-push-to-avert-war,,,,,,
E052,Turkey,UN,lauded the “tireless efforts“ of United Nations’ organisations,"Pakistan, 7 other Muslim-majority nations express ‘deepest concern’ over deteriorating humanitarian conditions in Gaza",https://www.dawn.com/news/1964671/pakistan-7-other-muslim-majority-nations-express-deepest-concern-over-deteriorating-humanitarian-conditions-in-gaza,,,,,,
E053,China,Pakistan,"China called for the immediate reopening of the Strait of Hormuz, while praising Pakistan’s role in mediating the negotiations",'Shukriya Pakistan': Islamabad's mediatory role acclaimed as world welcomes US-Iran agreement,https://www.dawn.com/news/2007984/shukriya-pakistan-islamabads-mediatory-role-acclaimed-as-world-welcomes-us-iran-agreement,,,,,,
E054,US,Iran,The US has destroyed nine Iranian navy ships and largely destroyed Iran’s naval headquarters,Trump says 48 leaders killed in strikes on Iran: what we know so far on day two,https://www.theguardian.com/us-news/2026/mar/01/supreme-leader-killed-as-us-and-israel-wage-war-on-iran-what-we-know-so-far-on-day-two,,,,,,
E055,US,Iran,"US military said on X it had targeted Iranian air defence, ground control stations and surveillance radar sites",Iran targets American bases in Jordan and the Gulf after fresh US strikes near Hormuz,https://www.dawn.com/news/2006586/iran-targets-american-bases-in-jordan-and-the-gulf-after-fresh-us-strikes-near-hormuz,,,,,,
E056,US,Pakistan,Tehran and Washington have said Pakistan remains the primary conduit for negotiation,Iran offers new peace proposal to US but Trump ‘not satisfied’,https://www.theguardian.com/world/2026/may/01/pakistan-backchannel-us-iran-deal-peace,,,,,,
E057,US,Iran,they will never have nuclear weapons,Trump’s ever-changing rationale for war on Iran – how the story has shifted,https://www.theguardian.com/us-news/2026/mar/07/trump-rationale-war-iran-story,,,,,,
E058,Iran,EU,accusing the EU of acting as a proxy for Iran’s adversaries,Tehran rages at EU over ‘terrorist’ label for Revolu­tionary Guards,https://www.dawn.com/news/1969808/tehran-rages-at-eu-over-terrorist-label-for-revolutionary-guards,,,,,,
E059,Lebanon,France,Lebanese President Joseph Aoun rejected “accusations claiming that the Lebanese army is not fully carrying out its role south of the Litani River”,Three wounded in southern Syria after  Israeli incursion,https://www.dawn.com/news/1960248/three-wounded-in-southern-syria-after-israeli-incursion,,,,,,
E060,US,Israel,the U.S. and Israel began attacks on Iran,US skips congressional review to approve munitions sale to Israel,https://www.dawn.com/news/1979642/us-skips-congressional-review-to-approve-munitions-sale-to-israel,,,,,,
E061,Egypt,Israel,"we reiterate our rejection of all measures aimed at altering the demographic composition, character and status of the Palestinian Territory occupied since 1967, including East Jerusalem","Muslim, European countries condemn Israeli attempts aimed at ‘de facto annexation’ of Palestinian land in West Bank",https://www.dawn.com/news/1975650/muslim-european-countries-condemn-israeli-attempts-aimed-at-de-facto-annexation-of-palestinian-land-in-west-bank,,,,,,
E062,US,Iran,The US later said that it rescued two of its pilots from Iran,Fact check: Viral video does not show Iranian soldiers capturing US pilot after shooting down jet,https://www.dawn.com/news/1989168/fact-check-viral-video-does-not-show-iranian-soldiers-capturing-us-pilot-after-shooting-down-jet,,,,,,
E063,Russia,Pakistan,thanked Pakistan for maintaining neutrality on the Ukraine conflict at international forums,"Russian envoy terms Moscow talks ‘constructive, substantive’",https://www.dawn.com/news/1960748/russian-envoy-terms-moscow-talks-constructive-substantive,,,,,,
E064,Pakistan,Iran,called for starting peace talks as soon as possible,"Pakistan, China issue 5-point initiative for restoring peace in Middle East",https://www.dawn.com/news/1987106/pakistan-china-issue-5-point-initiative-for-restoring-peace-in-middle-east,,,,,,
E065,Pakistan,Iran,President Asif Ali Zardari expressed “deep grief and sorrow over the assassination of Dr Ali Ardeshir Larijani,Iran vows revenge for killing of security chief Ali Larijani by Israel,https://www.dawn.com/news/1983341/iran-vows-revenge-for-killing-of-security-chief-ali-larijani-by-israel,,,,,,
E066,Israel,Iran,Israel said it supported US President Donald Trump’s decision to suspend the bombing of Iran for two weeks,"Trump halts Iran attacks after talks with PM Shehbaz, CDF Munir; US, Iran reach ceasefire agreement",https://www.dawn.com/news/1989584/trump-halts-iran-attacks-after-talks-with-pm-shehbaz-cdf-munir-us-iran-reach-ceasefire-agreement,,,,,,
E067,Iran,Pakistan,“Pak­istan’s decision to distance itself from this force is encouraging.”,"Iranian envoy sees no war soon, but warns ‘region should stay on its toes’",https://www.dawn.com/news/1973125/iranian-envoy-sees-no-war-soon-but-warns-region-should-stay-on-its-toes,,,,,,
E068,Turkey,Israel,"Turkey’s president, Recep Tayyip Erdoğan, deplored the attacks, which he said were “instigated” by the Israeli prime minister, Benjamin Netanyahu",‘Imperialist undertones’: global south condemns US-Israeli war with Iran  ,https://www.theguardian.com/world/2026/mar/03/global-south-condemns-us-israeli-war-with-iran,,,,,,
E069,Russia,US,He said Russia was seeking to “clarify all the nuances” of the offer with Washington,"US invites Russia, Israel, Poland to Gaza ‘Board of Peace’",https://www.dawn.com/news/1967978/us-invites-russia-israel-poland-to-gaza-board-of-peace,,,,,,
E070,Iran,US,"Esmaeil Baghaei, to complain about inconsistencies in the US negotiating demands",US-Iran nuclear talks end without a deal as threat of war grows,https://www.theguardian.com/world/2026/feb/26/trump-attack-threat-looms-as-nuclear-talks-between-us-and-iran-go-to-wire,,,,,,
E071,Pakistan,Lebanon,"Pakistan, which accelerated its mediation efforts after Trump threatened a civilisation-ending onslaught, has said Lebanon had been part of the agreement",Netanyahu says there is no ceasefire in Lebanon as Israel launches fresh strikes,https://www.theguardian.com/world/2026/apr/09/israel-bombing-lebanon-us-iran-ceasefire-condemnation,,,,,,
E072,US,Iran,we may hit it a few more times just for fun,Iran threatens to escalate war after Trump says ‘many countries’ will send warships to strait of Hormuz,https://www.theguardian.com/world/2026/mar/13/trump-military-kharg-island-iran-oil-export,,,,,,
E073,EU,Russia,The European Union also lashed out at Russia’s threat,Russian call for diplomats to leave Kyiv draws Western backlash,https://www.dawn.com/news/2003397/russian-call-for-diplomats-to-leave-kyiv-draws-western-backlash,,,,,,
E074,UN,Pakistan,stressing the need to hold those responsible accountable,"US expresses solidarity after Balochistan attacks, says it stands ‘steadfast’ with Pakistan",https://www.dawn.com/news/1971404/us-expresses-solidarity-after-balochistan-attacks-says-it-stands-steadfast-with-pakistan,,,,,,
E075,Iran,US,"Iranian supreme leader Ayatollah Ali Khamenei on Sunday likened the recent protests to a “coup”, warning that a US attack would trigger a broad conflict",Trump hopeful of Iran deal after Tehran warns of regional war,https://www.dawn.com/news/1970413/trump-hopeful-of-iran-deal-after-tehran-warns-of-regional-war,,,,,,
E076,Iran,US,Iran’s Revolutionary Guards said late on Saturday they had launched a missile salvo at US forces stationed at a major base in Saudi Arabia’s Al-Kharj,War escalates as US strikes Iran’s energy lifeline,https://www.dawn.com/news/1982253/war-escalates-as-us-strikes-irans-energy-lifeline,,,,,,
E077,Iran,Pakistan,thanked Malaysia for its humanitarian stance and Pakistan for its initiative and effective efforts to reach an agreement,Iran says ‘nothing final’ as Trump weighs deal,https://www.dawn.com/news/2003852/iran-says-nothing-final-as-trump-weighs-deal,,,,,,
E078,Iran,US,Tehran is willing to restart nuclear talks with Washington as long as it is treated with “dignity and respect”,Iran says it could rejoin US nuclear talks if treated with ‘dignity and respect’,https://www.theguardian.com/world/2025/nov/16/iran-could-rejoin-us-nuclear-talks,,,,,,
E079,US,Iran,Trump was quoted as saying by a Fox News reporter that he blamed Kurdish intermediaries for having taken weapons destined for Iranian dissidents,"Trump says Vance, Witkoff, Kushner talking with intermediaries in Pakistan; Iran could be ‘taken out’ on Tuesday",https://www.dawn.com/news/1989227/trump-says-vance-witkoff-kushner-talking-with-intermediaries-in-pakistan-iran-could-be-taken-out-on-tuesday,,,,,,
E080,Iran,Qatar,Qatar’s Prime Minister Sheikh Mohammed bin Abdulrahman bin Jassim Al Thani also had a phone call with Araghchi,Trump opts for talks with Iran over the phone,https://www.dawn.com/news/1995338/trump-opts-for-talks-with-iran-over-the-phone,,,,,,
E081,Pakistan,China,The two countries were “supportive” of Pakistan’s efforts,"No date set for second round of US-Iran talks, FO says",https://www.dawn.com/news/1992276/no-date-set-for-second-round-of-us-iran-talks-fo-says,,,,,,
E082,Pakistan,US,"Pakistani officials, mediating between an unpredictable US president and hardliners in Tehran",Pakistan seeks to raise its global standing in push for Middle East peace,https://www.theguardian.com/world/2026/apr/20/pakistan-global-standing-mediator-us-iran-talks-middle-east,,,,,,
E083,Pakistan,China,Pakistan had set up secret talks in 1971 that led to the establishment of diplomatic relations between China and the US,Pakistan seeks to raise its global standing in push for Middle East peace,https://www.theguardian.com/world/2026/apr/20/pakistan-global-standing-mediator-us-iran-talks-middle-east,,,,,,
E084,EU,Lebanon,von der Leyen and Costa “expressed openness” to enhance the maritime defensive operations Aspides and Atalanta,Von der Leyen calls for EU foreign policy to be ‘more realistic and interest-driven’,https://www.theguardian.com/world/2026/mar/09/ursula-von-der-leyen-eu-foreign-policy-more-realistic-interest-driven,,,,,,
E085,Israel,Hezbollah,Israel said its military had raided Hezbollah sites on Sunday and killed 10 of the group’s fighters,Iran vows to destroy Middle East water and energy facilities if US attacks power plants ,https://www.theguardian.com/world/2026/mar/22/iran-says-destroy-middle-east-infrastructure-us-energy-sites,,,,,,
E086,Pakistan,Turkey,"Pakistan, seen as a potential mediator between Washington and Tehran, hosted a four-way meeting with Saudi Arabia, Turkey and Egypt",Iran accuses US of plotting ground assault while publicly seeking talks,https://www.theguardian.com/world/2026/mar/29/iran-accuses-us-plotting-ground-assault-publicly-seeking-talks,,,,,,
E087,Israel,Lebanon,Israel — which occupied southern Lebanon for nearly two decades until 2000 — carried out new strikes across the country,US reportedly sends peace plan as Iran opens Strait of Hormuz to ‘non-hostile’ oil vessels,https://www.dawn.com/news/1985150/us-reportedly-sends-peace-plan-as-iran-opens-strait-of-hormuz-to-non-hostile-oil-vessels,,,,,,
E088,Pakistan,Iran,Pakistan shall continue its earnest efforts for negotiated settlement of conflict,"‘At the request of CDF Munir, PM Shehbaz’, Trump announces extension in ceasefire until Iran submits proposal",https://www.dawn.com/news/1993810/at-the-request-of-cdf-munir-pm-shehbaz-trump-announces-extension-in-ceasefire-until-iran-submits-proposal,,,,,,
E089,Qatar,EU,"declared force majeure on gas exports on Wednesday, freeing it from contractual obligations to its customers",Oil price continues to rise amid Middle East crisis but stock markets rebound across Asia,https://www.theguardian.com/business/2026/mar/05/oil-price-continues-to-rise-amid-middle-east-crisis-but-stock-markets-rebound-across-asia,,,,,,
E090,Pakistan,US,"Pakistan’s prime minister, Shehbaz Sharif, announced that Iran, the US and their allies had agreed to an immediate ceasefire",Iran war ceasefire announcement – what we know so far,https://www.theguardian.com/world/2026/apr/08/trump-iran-war-ceasefire-deadline-what-we-know-so-far,,,,,,
E091,Pakistan,Turkey,"its recent quadrilateral meeting in Islamabad with the foreign ministers of Saudi Arabia, Turkiye and Egypt",China’s FM Wang Yi appreciates Pakistan’s active diplomatic efforts in promoting Middle East peace: FO,https://www.dawn.com/news/1987454/chinas-fm-wang-yi-appreciates-pakistans-active-diplomatic-efforts-in-promoting-middle-east-peace-fo,,,,,,
E092,Israel,Iran,adding that the best way would be to enter Iran to secure the fissile material as part of an agreement,Trump calls Iran’s response to peace plan ‘totally unacceptable’ as ceasefire frays,https://www.theguardian.com/world/2026/may/10/iran-us-peace-proposal-pakistan-reported-drone-strikes-strain-ceasefire,,,,,,
E093,US,Germany,"withdraw 5,000 troops from Germany","Nato seeks details as US says it will pull about 5,000 troops from Germany",https://www.dawn.com/news/1996900/nato-seeks-details-as-us-says-it-will-pull-about-5000-troops-from-germany,,,,,,
E094,UAE,Pakistan,expressing its full solidarity with them,Second Pakistani killed in UAE due to falling debris from aerial interception amid ongoing Iran-US-Israel war,https://www.dawn.com/news/1979732/second-pakistani-killed-in-uae-due-to-falling-debris-from-aerial-interception-amid-ongoing-iran-us-israel-war,,,,,,
E095,US,Pakistan,"The letter also emphasises Pakistan’s readiness to absorb the technology, stating that the country “has shown a commitment to maintaining its military forces and will have no difficulty absorbing these articles and services into its armed forces",US approves sale of tech worth $686m for Pakistan’s F-16 fighter jets,https://www.dawn.com/news/1960342/us-approves-sale-of-tech-worth-686m-for-pakistans-f-16-fighter-jets,,,,,,
E096,Israel,Lebanon,Israel’s military clashed with Hezbollah fighters along a strategic river in southern Lebanon,US and Iran exchange strikes as Israel intensifies attacks on southern Lebanon,https://www.theguardian.com/world/2026/may/28/us-new-strikes-iran-israel-intensifies-attacks-southern-lebanon,,,,,,
E097,Qatar,US,other states – including the UAE and Qatar – also worked hard to find diplomatic solutions,Oman claims Israel pushed US into Iran war when deal was possible,https://www.theguardian.com/world/2026/mar/19/us-lost-control-of-its-own-foreign-policy-oman-foreign-minister,,,,,,
E098,Egypt,Pakistan,"He noted proposals under discussion, including reformulating the Pakistan-Egypt Business Council and convening a business forum in either Karachi or Cairo to connect the private sectors of both countries","Egypt FM says Gaza peace force should ‘monitor’ ceasefire, backs bigger Pakistani role in reconstruction",https://www.dawn.com/news/1958172/egypt-fm-says-gaza-peace-force-should-monitor-ceasefire-backs-bigger-pakistani-role-in-reconstruction,,,,,,
E099,Iran,Pakistan,Araghchi sat down with Pakistani officials to convey “Iran’s positions and views on the framework of any understanding to completely end the war”,Trump opts for talks with Iran over the phone,https://www.dawn.com/news/1995338/trump-opts-for-talks-with-iran-over-the-phone,,,,,,
E100,France,Iran,"France, which has several military bases in the Middle East, notably in Qatar, the United Arab Emirates and Jordan, said that Paris’s priority was the safety of its citizens","World holds breath as US, Israel strike Iran",https://www.dawn.com/news/1976435/world-holds-breath-as-us-israel-strike-iran,,,,,,
E101,Pakistan,Iran,Pakistan on Sunday signalled that it could host direct talks between the United States and Iran in the coming days,"Dar hints at US, Iran talks as quad pushes peace off-ramp",https://www.dawn.com/news/1986641/dar-hints-at-us-iran-talks-as-quad-pushes-peace-off-ramp,,,,,,
E102,Pakistan,Turkey,we call for restraint and the use of dialogue and diplomacy to maintain regional peace and stability,"Pakistan expresses concern over attacks targeting Turkiye, Azerbaijan during ongoing Middle East conflict",https://www.dawn.com/news/1978817/pakistan-expresses-concern-over-attacks-targeting-turkiye-azerbaijan-during-ongoing-middle-east-conflict,,,,,,
E103,Iran,US,frozen funds released,Trump threatens ‘a big hit’ if Tehran does not make deal soon,https://www.theguardian.com/world/2026/may/19/trump-threatens-a-big-hit-if-tehran-does-not-make-deal-soon,,,,,,
E104,Iran,Kuwait,Kuwait also reported that two power and water desalination plants sustained “significant material damage” after being attacked by Iranian drones,Trump warns Iran to reopen strait of Hormuz by Tuesday or face ‘hell’,https://www.theguardian.com/world/2026/apr/05/trump-warns-iran-to-reopen-strait-of-hormuz-by-tuesday-or-face-hell,,,,,,
E105,UN,Iran,"“The scale and pace of executions suggest a systematic use of capital punishment as a tool of state intimidation, with disproportionate impact on ethnic minorities and migrants,” he warned",Iran says internet to return ‘gradually’ after 11-day blackout,https://www.dawn.com/news/1967977/iran-says-internet-to-return-gradually-after-11-day-blackout,,,,,,
E106,Iran,US,It is instead insisting on a permanent deal that includes a US commitment not to attack Iran again,Iran is becoming more defiant in face of US-Israeli onslaught,https://www.theguardian.com/world/2026/mar/10/iranian-regime-is-not-weakening-in-face-of-us-israel-onslaught-but-becoming-more-defiant,,,,,,
E107,Pakistan,Saudi_Arabia,We agreed to remain in close coordination,"PM Shehbaz hails Saudi Arabia’s ‘restraint’, stresses urgent need for de-escalation of ongoing Iran war",https://www.dawn.com/news/1985161/pm-shehbaz-hails-saudi-arabias-restraint-stresses-urgent-need-for-de-escalation-of-ongoing-iran-war,,,,,,
E108,Pakistan,US,Pakistan’s embassy in Washington had represented Iranian interests there since the 1979 revolution,Pakistan seeks to raise its global standing in push for Middle East peace,https://www.theguardian.com/world/2026/apr/20/pakistan-global-standing-mediator-us-iran-talks-middle-east,,,,,,
E109,US,Iran,Trump has threatened military action and ordered the dispatch of an aircraft carrier group to the Middle East,Trump hopeful of Iran deal after Tehran warns of regional war,https://www.dawn.com/news/1970413/trump-hopeful-of-iran-deal-after-tehran-warns-of-regional-war,,,,,,
E110,Iran,US,Iran said it was an “American wishlist [and] not a reality”,Oil prices fall as Trump says strait of Hormuz ‘open to all’ if Iran accepts deal,https://www.theguardian.com/business/2026/may/06/oil-prices-ease-and-markets-rally-as-trump-works-towards-deal-with-iran,,,,,,
E111,Hezbollah,Israel,Hezbollah said it had launched rockets at Israel,UN to send mission to Lebanon for collecting abuse evidence,https://www.dawn.com/news/2006780/un-to-send-mission-to-lebanon-for-collecting-abuse-evidence,,,,,,
E112,Pakistan,Israel,condemned in the strongest possible terms Israel’s continued aggression and provocations against regional countries,Ministerial meeting calls on Iran to ‘immediately and unconditionally’ halt attacks in Gulf,https://www.dawn.com/news/1983661/ministerial-meeting-calls-on-iran-to-immediately-and-unconditionally-halt-attacks-in-gulf,,,,,,
E113,Israel,Lebanon,Israeli shelling that met people attempting to return to their homes south of the city of Nabatieh,‘We want to be 100% sure’: war-weary Lebanese greet truce with caution,https://www.theguardian.com/world/2026/jun/15/war-weary-lebanese-ceasefire-caution,,,,,,
E114,US,Iran,ended with an unconditional call for a ceasefire,Iran says it could rejoin US nuclear talks if treated with ‘dignity and respect’,https://www.theguardian.com/world/2025/nov/16/iran-could-rejoin-us-nuclear-talks,,,,,,
E115,Pakistan,Iran,"Pakistan’s army chief, Field Marshal Asim Munir, was doing a “great job” in arranging the talks","US-Iran peace talks could resume in next two days, Trump says",https://www.theguardian.com/world/2026/apr/14/us-iran-peace-talks-could-resume-in-next-two-days-trump-says,,,,,,
E116,China,Iran,"China supports Iran in safeguarding sovereignty, territorial integrity and national dignity",Iran nears deal to buy supersonic anti-ship missiles from China,https://www.dawn.com/news/1975618/iran-nears-deal-to-buy-supersonic-anti-ship-missiles-from-china,,,,,,
E117,Pakistan,Iran,"to be hosted by Pakistan’s prime minister, Shehbaz Sharif, at his residence",US and Iran hold talks in Islamabad as Pakistan seeks to broker peace deal,https://www.theguardian.com/world/2026/apr/11/us-iran-talks-peace-deal-islamabad-pakistan,,,,,,
E118,Pakistan,Iran,Pakistan calls on all sides to immediately halt escalation and urgently resume diplomacy,Pakistan maintains delicate balancing act in UNSC meeting on Iran,https://www.dawn.com/news/1976902/pakistan-maintains-delicate-balancing-act-in-unsc-meeting-on-iran,,,,,,
E119,France,Lebanon,offered Paris as a venue for negotiations,Israeli strike kills 12 Lebanon medics amid peace push,https://www.dawn.com/news/1982247/israeli-strike-kills-12-lebanon-medics-amid-peace-push,,,,,,
E120,Pakistan,Saudi_Arabia,agreed to work together for regional peace and stability,"In ‘restricted meeting’ with Saudi crown prince, PM Shehbaz assures him of Pakistan’s ‘full solidarity, support’",https://www.dawn.com/news/1981279/in-restricted-meeting-with-saudi-crown-prince-pm-shehbaz-assures-him-of-pakistans-full-solidarity-support,,,,,,
E121,Pakistan,Iran,urged that countries refrain from actions that could undermine the region’s energy security,Ministerial meeting calls on Iran to ‘immediately and unconditionally’ halt attacks in Gulf,https://www.dawn.com/news/1983661/ministerial-meeting-calls-on-iran-to-immediately-and-unconditionally-halt-attacks-in-gulf,,,,,,
E122,US,Iran,US President Donald Trump has slammed Nato allies as “cowards” and urged them to secure the strait,"Iran missiles hit southern Israel, injuring more than 100",https://www.dawn.com/news/1984307/iran-missiles-hit-southern-israel-injuring-more-than-100,,,,,,
E123,US,Iran,we’re hitting all of their carriers,Trump says he fears Iran’s next leader could be ‘as bad as the previous person’,https://www.theguardian.com/world/2026/mar/03/trump-says-he-fears-irans-next-leader-could-be-as-bad-as-the-previous-person,,,,,,
E124,Iran,US,Iran insisted throughout the talks – the first round of which were held on 6 February – that it would not discuss its ballistic missile programme or its support for so-called proxy forces in the region,"Iran-US talks: agreement reached on ‘guiding principles’ after ‘constructive’ meeting, Tehran says",https://www.theguardian.com/world/2026/feb/17/iran-us-nuclear-talks-open-geneva,,,,,,
E125,Pakistan,US,"Pakistan was simultaneously building support for the prospective talks through parallel engagements with Gulf countries, Turkiye and Beijing",‘Silence’ stonewalls Pakistan-led US-Iran talks initiative,https://www.dawn.com/news/1988294/silence-stonewalls-pakistan-led-us-iran-talks-initiative,,,,,,
E126,Pakistan,Israel,warned that continued Israeli settlement expansion and military actions were rapidly eroding the viability of the two-state solution,Gaza ‘stabilisation force’ plan marred by legitimacy concerns,https://www.dawn.com/news/1961607/gaza-stabilisation-force-plan-marred-by-legitimacy-concerns,,,,,,
E127,Qatar,Israel,A spokesperson for the Qatari foreign ministry described the Israeli attack on South Pars as “dangerous” and “irresponsible”,Trump threatens to ‘blow up’ all of Iran’s South Pars gasfield if Tehran strikes Qatar,https://www.theguardian.com/world/2026/mar/19/iran-war-trump-south-pars-threat-if-tehran-strikes-qatar,,,,,,
E128,Iran,US,claimed that Trump was seeking to mitigate the financial damage done by Iran’s closure of the strait of Hormuz,Trump’s ‘very good’ talks with Iran buy him time with oil and energy markets,https://www.theguardian.com/world/2026/mar/24/trumps-very-good-talks-with-iran-buy-him-time-with-oil-and-energy-markets,,,,,,
E129,Pakistan,Iran,Pakistan had intervened to stop Iran retaliating against the strikes on Lebanon,Islamabad prepares to host historic negotiations between Iran and the US,https://www.theguardian.com/world/2026/apr/10/islamabad-pakistan-negotiations-iran-us,,,,,,
E130,Pakistan,US,expressing hope that the ‘Islamabad Talks’ would succeed in achieving sustainable peace,"Trump halts Iran attacks after talks with PM Shehbaz, CDF Munir; US, Iran reach ceasefire agreement",https://www.dawn.com/news/1989584/trump-halts-iran-attacks-after-talks-with-pm-shehbaz-cdf-munir-us-iran-reach-ceasefire-agreement,,,,,,
E131,Russia,China,"We are, of course, ready to continue reliably supplying all these types of fuel to the rapidly growing Chinese market","Xi and Putin unite in criticism of US on nuclear, security issues",https://www.dawn.com/news/2001737/xi-and-putin-unite-in-criticism-of-us-on-nuclear-security-issues,,,,,,
E132,Pakistan,US,"Pakistan, seen as a potential mediator between Washington and Tehran, hosted a four-way meeting with Saudi Arabia, Turkey and Egypt",Iran accuses US of plotting ground assault while publicly seeking talks,https://www.theguardian.com/world/2026/mar/29/iran-accuses-us-plotting-ground-assault-publicly-seeking-talks,,,,,,
E133,France,Iran,French President Emmanuel Macron reiterated that he was focused on efforts to reopen the Strait of Hormuz,Hormuz stays flashpoint amid reopening move,https://www.dawn.com/news/1995116/hormuz-stays-flashpoint-amid-reopening-move,,,,,,
E134,US,Iran,"Trump replied that if Iran did not surrender, “it will be hit very hard!”",Iran rejects Trump’s demand for unconditional surrender as a ‘dream’,https://www.theguardian.com/world/2026/mar/07/iran-trump-unconditional-surrender-war-masoud-pezeshkian,,,,,,
E135,Pakistan,Iran,as part of ongoing mediation efforts aimed at promoting de-escalation and constructive engagement,Trump demands widespread sign-up to Abraham Accords as part of Iran peace deal,https://www.dawn.com/news/2003043/trump-demands-widespread-sign-up-to-abraham-accords-as-part-of-iran-peace-deal,,,,,,
E136,Iran,France,"Araghchi, urged other countries to refrain from any action that “could lead to escalation and expansion of the conflict”, in a conversation with his French counterpart, Jean-Noël Barrot","US not ready to seek deal to end war with Iran, Donald Trump says",https://www.theguardian.com/world/2026/mar/15/us-israel-iran-war-donald-trump-ceasefire-deal-new-attacks,,,,,,
E137,Pakistan,Israel,Pakistan to demand complete Israeli withdrawal,‘Self-rule for Gaza’ tops Istanbul moot agenda today,https://www.dawn.com/news/1952877/self-rule-for-gaza-tops-istanbul-moot-agenda-today,,,,,,
E138,Hezbollah,Iran,Hezbollah has said it is confident that its ally will not abandon it,What we know about the possible US-Iran deal,https://www.dawn.com/news/2002774/what-we-know-about-the-possible-us-iran-deal,,,,,,
E139,Pakistan,US,"Pakistan’s army chief, Field Marshal Asim Munir, was doing a “great job” in arranging the talks","US-Iran peace talks could resume in next two days, Trump says",https://www.theguardian.com/world/2026/apr/14/us-iran-peace-talks-could-resume-in-next-two-days-trump-says,,,,,,
E140,UK,Iran,"The UK foreign secretary, Yvette Cooper, condemned the attack, while stressing that the UK has “taken a different position from the US and Israel” on the conflict.","Is Iran really able to strike London, and is the UK prepared for an attack?",https://www.theguardian.com/world/2026/mar/23/is-iran-able-strike-london-is-uk-prepared,,,,,,
E141,Israel,Lebanon,we will evacuate and strike the Shia Dahiyeh quarter in Beirut,Israel strikes southern Lebanon despite Trump’s effort to shore up ceasefire,https://www.theguardian.com/world/2026/jun/02/israel-strikes-southern-lebanon-despite-trump-ceasefire,,,,,,
E142,Israel,Lebanon,Israel’s military said the troops had staged the operation to seek the remains of Ron Arad,"Israel pounds Beirut, warns Lebanon of ‘heavy price’",https://www.dawn.com/news/1979644/israel-pounds-beirut-warns-lebanon-of-heavy-price,,,,,,
E143,Israel,Lebanon,Israel says its invasion of southern Lebanon is aimed at protecting its northern border towns from attacks by Hezbollah,Trump extends deadline for Iran to open strait of Hormuz by 10 days,https://www.theguardian.com/world/2026/mar/26/donald-trump-urges-iran-end-war-or-face-assassinations,,,,,,
E144,Pakistan,US,"Pakistani officials expect concessions from the two camps, including on Iran’s nuclear programme",Pakistan seeks to raise its global standing in push for Middle East peace,https://www.theguardian.com/world/2026/apr/20/pakistan-global-standing-mediator-us-iran-talks-middle-east,,,,,,
E145,Pakistan,US,congratulated Trump on his peace efforts,Trump claims peace deal with Iran ‘largely negotiated’ with strait of Hormuz to open,https://www.theguardian.com/world/2026/may/23/trump-ceasefire-iran-strait-of-hormuz,,,,,,
E146,UK,Pakistan,"UK High Commissioner Jane Marriott also thanked Pakistan for its “consistent, patient and impressive role” in bringing peace",'Shukriya Pakistan': Islamabad's mediatory role acclaimed as world welcomes US-Iran agreement,https://www.dawn.com/news/2007984/shukriya-pakistan-islamabads-mediatory-role-acclaimed-as-world-welcomes-us-iran-agreement,,,,,,
E147,Pakistan,UN,lauded the “tireless efforts“ of United Nations’ organisations,"Pakistan, 7 other Muslim-majority nations express ‘deepest concern’ over deteriorating humanitarian conditions in Gaza",https://www.dawn.com/news/1964671/pakistan-7-other-muslim-majority-nations-express-deepest-concern-over-deteriorating-humanitarian-conditions-in-gaza,,,,,,
E148,Iran,Israel,said foreign ministry spokesman Esmaeil Baqaei in a post on X,"While raining bombs, Trump wants to pick new Iran leader",https://www.dawn.com/news/1978918/while-raining-bombs-trump-wants-to-pick-new-iran-leader,,,,,,
E149,Iran,US,The Guards also targeted US HIMARS rocket launcher batteries in Kuwait and Patriot missile batteries in Bahrain,Trump warns of ‘hell’ as Iran fights back,https://www.dawn.com/news/1988682/trump-warns-of-hell-as-iran-fights-back,,,,,,
E150,Pakistan,Israel,Islamabad’s diplomatic support during last year’s 12-day conflict with Israel cemented ties,Pakistan seeks to raise its global standing in push for Middle East peace,https://www.theguardian.com/world/2026/apr/20/pakistan-global-standing-mediator-us-iran-talks-middle-east,,,,,,
E151,Qatar,Israel,"Qatar, which helped broker the deal along with Egypt, the United States and Turkiye",Here’s what you should know about the new Gaza deal,https://www.dawn.com/news/1947643/heres-what-you-should-know-about-the-new-gaza-deal,,,,,,
E152,France,Qatar,"France’s CMA CGM announced it was suspending with immediate effect all bookings requiring loading and unloading at ports in Bahrain, Kuwait, Qatar",China calls for vessels in strait of Hormuz to be protected amid soaring shipping costs,https://www.theguardian.com/business/2026/mar/03/china-calls-protection-vessels-strait-hormuz-amid-soaring-shipping-costs,,,,,,
E153,Pakistan,Iran,Sharif also requested that Iran open the strait of Hormuz “as a goodwill gesture”,Donald Trump says ‘a whole civilisation will die’ if Iran ignores demands,https://www.theguardian.com/world/2026/apr/07/israel-warns-iran-lives-at-risk-if-they-use-trains-trump-deadline,,,,,,
E154,Pakistan,Iran,Islamabad also condemned,UNSC adopts resolution against Iran’s attacks on Gulf nations; Tehran decries ‘blatant misuse’ of Security Council,https://www.dawn.com/news/1981123/unsc-adopts-resolution-against-irans-attacks-on-gulf-nations-tehran-decries-blatant-misuse-of-security-council,,,,,,
E155,Egypt,Pakistan,he called for scaling up economic ties,"Egypt FM says Gaza peace force should ‘monitor’ ceasefire, backs bigger Pakistani role in reconstruction",https://www.dawn.com/news/1958172/egypt-fm-says-gaza-peace-force-should-monitor-ceasefire-backs-bigger-pakistani-role-in-reconstruction,,,,,,
E156,Pakistan,Iran,Islamabad persuaded Trump to extend the ceasefire,Iran offers new peace proposal to US but Trump ‘not satisfied’,https://www.theguardian.com/world/2026/may/01/pakistan-backchannel-us-iran-deal-peace,,,,,,
E157,Saudi_Arabia,China,include safeguards to limit Riyadh’s military-industrial ties with China,"Before talks with Trump, Riyadh doubles down on terms for Israel ties",https://www.dawn.com/news/1954100/before-talks-with-trump-riyadh-doubles-down-on-terms-for-israel-ties,,,,,,
E158,Iran,Hezbollah,praised the Houthis in Yemen and Hezbollah in Lebanon for coming to Iran’s aid,Iran vows to fight on in first message issued in name of Mojtaba Khamenei,https://www.theguardian.com/world/2026/mar/12/iran-vows-to-fight-on-in-first-message-issued-in-name-of-mojtaba-khamenei,,,,,,
E159,Pakistan,US,reaffirmed Islamabad’s commitment to facilitating dialogue between the United States and Iran,‘Diplomacy takes time’: Pak envoy reaffirms Islamabad’s commitment to Iran-US peace amid complex situation,https://www.dawn.com/news/1987129/diplomacy-takes-time-pak-envoy-reaffirms-islamabads-commitment-to-iran-us-peace-amid-complex-situation,,,,,,
E160,Iran,Pakistan,Tehran and Washington have said Pakistan remains the primary conduit for negotiation,Iran offers new peace proposal to US but Trump ‘not satisfied’,https://www.theguardian.com/world/2026/may/01/pakistan-backchannel-us-iran-deal-peace,,,,,,
E161,Israel,Lebanon,An Israeli enemy strike today on a vehicle in the town of Hawsh al-Sayyed Ali in the Hermel district killed two people,Three killed in Israeli strikes on Lebanon,https://www.dawn.com/news/1963285/three-killed-in-israeli-strikes-on-lebanon,,,,,,
E162,Iran,UN,Iran’s deputy foreign minister for legal and international affairs Kazem Gharibabadi told the UN human rights council that countries should turn to diplomacy instead of sanctions and war,‘Death to the dictator’: Iranian students hold protests for third day,https://www.theguardian.com/world/2026/feb/23/death-to-dictator-iranian-students-protests-third-day,,,,,,
E163,Israel,Lebanon,one person was killed in an Israeli strike in Majdal Selm,Three killed in Israeli strikes on Lebanon,https://www.dawn.com/news/1963285/three-killed-in-israeli-strikes-on-lebanon,,,,,,
E164,UK,Bahrain,"Having met officials in Saudi Arabia, Qatar and Bahrain during his visit",UK sends more troops to Gulf amid Trump jibes over British military role,https://www.theguardian.com/world/2026/mar/31/uk-troops-gulf-donald-trump-jibes-british-military-involvement,,,,,,
E165,Pakistan,Iran,accusing it of “spoiling” efforts at peace,How Pakistan secured ‘biggest diplomatic win in years’ with Iran ceasefire,https://www.theguardian.com/world/2026/apr/08/pakistan-us-israel-iran-ceasefire,,,,,,
E166,China,Pakistan,intended to “strengthen” cooperation between China and Pakistan,Pakistan and China propose five-part peace plan for Middle East,https://www.theguardian.com/world/2026/mar/31/pakistan-china-propose-five-part-peace-plan-middle-east,,,,,,
E167,Iran,US,Iran’s President Masoud Pezeshkian insisted ahead of the talks that the Islamic Republic was not “at all” seeking a nuclear weapon,Iran urges US to drop ‘excessive demands’ to reach deal,https://www.dawn.com/news/1976137/iran-urges-us-to-drop-excessive-demands-to-reach-deal,,,,,,
E168,Pakistan,Saudi_Arabia,"described the US president’s call with the leaders of Saudi Arabia, Qatar, Turkey, Egypt, the UAE, Jordan and Pakistan as “very useful and productive”",Trump claims peace deal with Iran ‘largely negotiated’ with strait of Hormuz to open,https://www.theguardian.com/world/2026/may/23/trump-ceasefire-iran-strait-of-hormuz,,,,,,
E169,Israel,Hezbollah,we are about to conquer Bint Jbeil,US and Iran in indirect talks to extend two-week ceasefire,https://www.theguardian.com/world/2026/apr/15/us-iran-indirect-talks-middle-east-war-ceasefire,,,,,,
E170,Pakistan,Iran,"Pakistan’s prime minister, Shehbaz Sharif, says his country is ready to “facilitate meaningful and conclusive talks” to end the war in the Middle East",JD Vance role touted as Pakistan attempts to broker US-Iran peace talks ,https://www.theguardian.com/world/2026/mar/24/pakistan-army-chief-iran-peace-talks-trump-call,,,,,,
E171,Pakistan,Iran,“all warring parties” observe a two-week ceasefire,Donald Trump says ‘a whole civilisation will die’ if Iran ignores demands,https://www.theguardian.com/world/2026/apr/07/israel-warns-iran-lives-at-risk-if-they-use-trains-trump-deadline,,,,,,
E172,Pakistan,China,"Dar also met the ambassador from China, which is a key trading partner with Iran",Trump announces extension of Iran ceasefire until ‘discussion concluded’,https://www.theguardian.com/world/2026/apr/21/push-to-bring-us-and-iran-together-for-peace-talks-as-ceasefire-deadline-looms,,,,,,
E173,US,Pakistan,Kapur said it was a “pleasure” to meet the Pakistani envoy,"Pakistan, US explore ways to develop ‘economically entrenched strategic partnership’",https://www.dawn.com/news/1953877/pakistan-us-explore-ways-to-develop-economically-entrenched-strategic-partnership,,,,,,
E174,Iran,Pakistan,Iran’s supreme national security council said it would send a delegation to Islamabad for formal talks,Hegseth claims Iran ‘begged’ for ceasefire after US and Tehran agree to two-week pause,https://www.theguardian.com/world/2026/apr/08/hegseth-press-briefing-iran-ceasefire,,,,,,
E175,Israel,Hezbollah,the Israeli air force intercepted a hostile aircraft before it crossed into Israel,Israel strikes Beirut for the first time since ceasefire,https://www.dawn.com/news/1998133/israel-strikes-beirut-for-the-first-time-since-ceasefire,,,,,,
E176,UK,France,"Britain was in talks with European allies including Germany, Italy and France","UK nationals fleeing Middle East reach 100,000 as evacuation efforts continue",https://www.theguardian.com/politics/2026/mar/17/uk-nationals-flown-back-from-iran-since-start-of-conflict,,,,,,
E177,US,Iran,Trump said that there would be “very strong action” if the regime hangs protesters.,Trump news at a glance: president vows to help ‘Iranian Patriots’ in latest signal of military action against Tehran,https://www.theguardian.com/us-news/2026/jan/13/trump-administration-briefing-latest,,,,,,
E178,US,Pakistan,"Trump also referred to his meeting with Prime Minister Shehbaz and Chief of Defence Forces Field Marshal Asim Munir, and praised the Pakistani leader for publicly acknowledging his role in stopping the conflict",PM Shehbaz meets Rubio after Board of Peace summit in Washington,https://www.dawn.com/news/1974554/pm-shehbaz-meets-rubio-after-board-of-peace-summit-in-washington,,,,,,
E179,UK,Iran,The UK has announced “full and further sanctions” against Iran,UK announces ‘full and further sanctions’ amid Iran killings and arrests,https://www.theguardian.com/politics/2026/jan/13/uk-sanctions-iran-killing-arrests,,,,,,
E180,Israel,Lebanon,Israel’s military has told residents across a swathe of southern Lebanon to leave and head north,Israeli military tells residents of swathe of southern Lebanon to leave,https://www.theguardian.com/world/2026/may/27/israel-fires-airstrikes-lebanon-escalating-offensive,,,,,,
E181,Pakistan,US,called on both sides to honour the fragile two-week ceasefire,US military to begin blockade of Iranian ports on Monday,https://www.dawn.com/news/1991295/us-military-to-begin-blockade-of-iranian-ports-on-monday,,,,,,
E182,Pakistan,US,"Pakistan’s prime minister, Shehbaz Sharif, said the deal called for “the immediate and permanent termination of military operations on all fronts",Monday briefing: Trump’s late-night deal with Iran,https://www.theguardian.com/world/2026/jun/15/switzerland-anti-immigration-referendum-vote-rejected-population-cap-10-million,,,,,,
E183,US,Iran,the US would “hit and obliterate” Iranian power plants,Trump tells Iran it has 48 hours to open Hormuz or US will ‘obliterate’ its power plants,https://www.theguardian.com/world/2026/mar/22/iran-donald-trump-48-hours-open-hormuz-strait,,,,,,
E184,Iran,Israel,the “silence and the indifference of international institutions” will provoke Israel to “further embitterment”,Trump claims to be on verge of peace deal but Iran signals no agreement reached,https://www.theguardian.com/world/2026/may/29/trump-on-verge-of-approving-peace-deal-with-major-iranian-concessions,,,,,,
E185,Saudi_Arabia,US,"the leaders of Qatar, the United Arab Emirates and Saudi Arabia had approached Washington",Trump claims planned attack on Iran postponed after Tehran makes new proposal to end war,https://www.theguardian.com/world/2026/may/18/iran-new-proposal-deal-to-end-war-us-israel,,,,,,
E186,Iran,US,Direct contact between Iranian Foreign Minister Abbas Araqchi and US Special Envoy Steve Witkoff have also been suspended,Signs point to ‘imminent’  US attack on Iran,https://www.dawn.com/news/1966999/signs-point-to-imminent-us-attack-on-iran,,,,,,
E187,US,Iran,alleging that Iran had threatened shipping in the waterway,"After Trump’s blockade announcement, IRGC says will view military vessels approaching Hormuz as ceasefire breach",https://www.dawn.com/news/1991096/after-trumps-blockade-announcement-irgc-says-will-view-military-vessels-approaching-hormuz-as-ceasefire-breach,,,,,,
E188,US,Iran,Trump hardened his rhetoric after expressing frustration with Tehran’s latest response,Trump highlights war talks amid mounting domestic backlash,https://www.dawn.com/news/2001121/trump-highlights-war-talks-amid-mounting-domestic-backlash,,,,,,
E189,Pakistan,Iran,"Field Marshal Asim Munir, the army chief of Pakistan, which has emerged as a key mediator, is in Tehran to carry forward negotiations for a more durable peace.",Iran says strait of Hormuz ‘completely open’ but sounds warning on US blockade,https://www.theguardian.com/world/2026/apr/17/strait-of-hormuz-now-open-to-commercial-vessels,,,,,,
E190,Pakistan,US,"Maleeha Lodhi, Pakistan’s former ambassador to the US, said the US was negotiating with Iran in bad faith",‘Imperialist undertones’: global south condemns US-Israeli war with Iran  ,https://www.theguardian.com/world/2026/mar/03/global-south-condemns-us-israeli-war-with-iran,,,,,,
E191,US,Iran,every bridge in Iran will be decimated,Trump’s Iran threat deepens fears of wider war as mediation efforts continue,https://www.dawn.com/news/1989396/trumps-iran-threat-deepens-fears-of-wider-war-as-mediation-efforts-continue,,,,,,
E192,France,UAE,"a “strictly defensive” presence in support of its regional allies, including Cyprus, but also Qatar, Kuwait and the UAE",A lone battle: Why is Pedro Sánchez the only European leader to take on Trump?,https://www.theguardian.com/world/2026/mar/06/pedro-sanchez-spain-european-leader-take-on-trump,,,,,,
E193,Pakistan,Russia,condemned reports regarding the targeting of the residence of Russian President Vladimir Putin,"PM Shehbaz condemns reported targeting of Russian President Putin’s residence, calls it ‘heinous act’",https://www.dawn.com/news/1964094/pm-shehbaz-condemns-reported-targeting-of-russian-president-putins-residence-calls-it-heinous-act,,,,,,
E194,Israel,Lebanon,"Israel Katz, said his country had “freedom of action, backed by the United States, to strike Beirut in response to attacks on Israeli communities and territory”",Hezbollah rejects Israel-Lebanon truce as Trump scrambles to end Iran war,https://www.theguardian.com/world/2026/jun/04/israel-lebanon-renew-ceasefire-hezbollah-trump-iran-deal-middle-east-us,,,,,,
E195,Pakistan,US,his words have been backed up by Iranian officials and Pakistan,Monday briefing: Trump’s late-night deal with Iran,https://www.theguardian.com/world/2026/jun/15/switzerland-anti-immigration-referendum-vote-rejected-population-cap-10-million,,,,,,
E196,US,Iran,threatens to shoot at ships ‘anywhere close to blockade’,US blockade of Hormuz puts ceasefire to test,https://www.dawn.com/news/1991499/us-blockade-of-hormuz-puts-ceasefire-to-test,,,,,,
E197,US,Pakistan,"the two sides expressed the desire to enhance economic cooperation, especially in the fields of trade and investment",Pakistani delegation attends US investment summit to expand global footprint,https://www.dawn.com/news/1997484/pakistani-delegation-attends-us-investment-summit-to-expand-global-footprint,,,,,,
E198,US,Iran,threatened to “obliterate” Iran’s power plants if Tehran does not fully reopen the Strait of Hormuz within 48 hours,Trump threatens Iran with power plant strikes over Hormuz oil blockade,https://www.dawn.com/news/1984285/trump-threatens-iran-with-power-plant-strikes-over-hormuz-oil-blockade,,,,,,
E199,UK,Russia,The UK has sanctioned hundreds of vessels suspected of being part of the shadow fleet used by Russia to bypass Western embargoes,UK intercepts Russian shadow fleet vessel in Channel: defence ministry,https://www.dawn.com/news/2007796/uk-intercepts-russian-shadow-fleet-vessel-in-channel-defence-ministry,,,,,,
E200,US,Iran,destroying what they had left of an Air Force,"Rubio declares US operation against Iran over, claims Washington achieved military objectives",https://www.dawn.com/news/2004963/rubio-declares-us-operation-against-iran-over-claims-washington-achieved-military-objectives,,,,,,
